"rank","player_name","team","position","headshot_href","IMPACT_100","SCORING_100","PLAY_100","REB_100","DISC_100","DEF_100","TOTAL_100"
1,"Nikola Jokic","DEN","C","https://a.espncdn.com/i/headshots/nba/players/full/3112335.png",97.737789002845,95.7616425966537,97.4764970915606,84.3150990867489,51.025066782284,79.8311875705882,98.3533085561081
2,"Shai Gilgeous-Alexander","OKC","PG","https://a.espncdn.com/i/headshots/nba/players/full/4278073.png",98.3439962798621,94.2756495310943,90.8314016421817,55.1334225127544,65.4666890494547,85.7433319315206,97.6296016833805
3,"Tyrese Haliburton","IND","PG","https://a.espncdn.com/i/headshots/nba/players/full/4396993.png",86.7882195272646,86.0175910464133,97.1405279215993,49.6017387493885,84.9760572369225,74.0831876450246,95.2629390433173
4,"Giannis Antetokounmpo","MIL","PF","https://a.espncdn.com/i/headshots/nba/players/full/3032977.png",95.9484584012505,88.6993786529939,89.3942399861162,83.6968293265069,52.8163498314716,60.8513752394513,94.2540152035075
5,"Anthony Davis","DAL","PF","https://a.espncdn.com/i/headshots/nba/players/full/6583.png",87.9027279313981,72.5163120687836,65.1024329397833,96.3012576643631,74.0776226487751,86.1372439090447,92.734007612315
6,"Jimmy Butler III","GS","SF","https://a.espncdn.com/i/headshots/nba/players/full/6430.png",88.2632240505479,74.4709754824409,81.9835516494205,86.0668233546751,90.3380972099363,70.214466862543,92.2607559652388
7,"Victor Wembanyama","SA","C","https://a.espncdn.com/i/headshots/nba/players/full/5104157.png",87.0113305709862,79.1355111039954,64.8759876350485,81.3210876728274,51.7062254735059,96.1301319656403,92.208394929951
8,"Luka Doncic","LAL","PG","https://a.espncdn.com/i/headshots/nba/players/full/3945274.png",92.0162830609949,77.134043613194,89.964400753824,75.3403668942152,51.9767905923083,78.07456030077,91.9418091451806
9,"Evan Mobley","CLE","PF","https://a.espncdn.com/i/headshots/nba/players/full/4432158.png",93.5971402282045,88.9180038964539,67.8019647297812,79.8171432636355,58.9438036568348,74.4821986526066,91.0637158797095
10,"Jarrett Allen","CLE","C","https://a.espncdn.com/i/headshots/nba/players/full/4066328.png",92.9865763878821,85.3660842431108,57.40713962297,85.2658346256854,72.9793012065341,69.6122100459129,89.1240338647684
11,"Jalen Williams","OKC","F","https://a.espncdn.com/i/headshots/nba/players/full/4593803.png",90.3700610970524,77.2596166730239,83.3010256353947,57.6699517191121,63.0498394704387,81.4304030884253,89.0478778366245
12,"Alex Caruso","OKC","SG","https://a.espncdn.com/i/headshots/nba/players/full/2991350.png",79.8766634645206,60.4418307655587,66.4065167323207,56.8693487855967,74.2320794927897,97.4667090952139,88.7537338541806
13,"James Harden","LAC","SG","https://a.espncdn.com/i/headshots/nba/players/full/3992.png",87.4110982239787,75.94384705984,96.6962504076104,56.9427040965209,34.6440350438682,73.3034170436732,88.6019719236213
14,"Darius Garland","CLE","PG","https://a.espncdn.com/i/headshots/nba/players/full/4396907.png",90.8318308622757,83.1927183786514,93.2844170419907,48.4634071114849,55.7823373132503,61.4464666274808,88.5980839916329
15,"Ty Jerome","CLE","SG","https://a.espncdn.com/i/headshots/nba/players/full/4065733.png",87.7617678939227,85.2328193163659,78.702088479299,53.1911140513198,68.5527195102876,79.278555087833,88.3457338862296
16,"Jayson Tatum","BOS","SF","https://a.espncdn.com/i/headshots/nba/players/full/4065648.png",93.0239141322283,85.02072181415,87.1387986770565,66.9148735093683,55.1286042794455,54.2872958119484,88.300192703202
17,"Dyson Daniels","ATL","G","https://a.espncdn.com/i/headshots/nba/players/full/4869342.png",62.7033225365353,66.1543368556073,78.3899089267369,60.7697343789119,55.4095056096517,97.6691853633953,88.0940477956385
18,"LeBron James","LAL","SF","https://a.espncdn.com/i/headshots/nba/players/full/1966.png",79.6605190007107,87.3879075679167,95.126759859134,65.9184489391798,47.0237975491575,54.7055881293399,88.0432099671233
19,"Stephen Curry","GS","PG","https://a.espncdn.com/i/headshots/nba/players/full/3975.png",88.4221427512823,86.9208477982909,88.8156659534535,53.480011418503,60.1614981775497,61.4182065243392,87.7016508878915
20,"Domantas Sabonis","SAC","PF","https://a.espncdn.com/i/headshots/nba/players/full/3155942.png",86.3400012224191,92.3205542444041,87.7626256112303,89.9527752337822,38.6352052253253,43.6873572387547,87.4142434597476
21,"Donovan Mitchell","CLE","SG","https://a.espncdn.com/i/headshots/nba/players/full/3908809.png",92.1471989417903,78.674239806754,83.242840592819,54.9073014656902,69.1667656143338,66.803679386058,87.251397893744
22,"Karl-Anthony Towns","NY","C","https://a.espncdn.com/i/headshots/nba/players/full/3136195.png",92.0197728941632,90.948494338319,64.8488882756409,86.2904149621881,41.5393811368629,56.3148452631992,85.5437475465151
23,"Derrick White","BOS","PG","https://a.espncdn.com/i/headshots/nba/players/full/3078576.png",87.8129803281176,84.5632604975047,81.3332713347884,53.4613778984821,71.6021726742046,62.3608248377006,85.4204891604074
24,"Payton Pritchard","BOS","PG","https://a.espncdn.com/i/headshots/nba/players/full/4066354.png",86.2844634085756,90.0871707933183,74.2104560510597,55.2525629028243,84.6496265218897,52.0434616504549,84.9354454464214
25,"Josh Hart","NY","SG","https://a.espncdn.com/i/headshots/nba/players/full/3062679.png",76.5321475413547,82.1907547926509,87.2280679276723,72.2648000530587,53.7781333852235,65.9561243426873,84.8720741604639
26,"Amen Thompson","HOU","F","https://a.espncdn.com/i/headshots/nba/players/full/4684740.png",83.2117441470446,74.4657460485088,72.7484525226137,74.555096178549,52.4900146842088,84.1622439342626,84.8271117896062
27,"Cade Cunningham","DET","PG","https://a.espncdn.com/i/headshots/nba/players/full/4432166.png",83.5827982019846,78.665156603187,96.5679504570573,58.5007872758587,34.9358966069363,58.1662143398882,84.7822429872294
28,"Trae Young","ATL","PG","https://a.espncdn.com/i/headshots/nba/players/full/4277905.png",73.6802094787125,73.8725574634926,98.4612097417934,47.2680344656383,35.3667854298999,53.7585787824338,84.5860764774976
29,"T.J. McConnell","IND","PG","https://a.espncdn.com/i/headshots/nba/players/full/2530530.png",70.0032161328825,57.3231214437977,91.2979699043572,54.3373850530213,70.1886304700789,86.7140411847273,84.2543046935583
30,"Zion Williamson","NO","PF","https://a.espncdn.com/i/headshots/nba/players/full/4395628.png",87.694854430146,64.6279930426743,76.4065324216277,74.5565612076097,55.4771477273391,80.1628189292891,84.1288062216994
31,"Alperen Sengun","HOU","C","https://a.espncdn.com/i/headshots/nba/players/full/4871144.png",90.6548353390631,61.3819578248008,83.7031179925137,84.3569475015301,45.0393788615695,67.8762131493455,84.1172276719997
32,"Tari Eason","HOU","F","https://a.espncdn.com/i/headshots/nba/players/full/4433192.png",78.4392875719781,64.8004435791155,51.2482867358997,75.0319919355416,65.793631140813,95.4185840928249,83.817507939755
33,"Jamal Murray","DEN","PG","https://a.espncdn.com/i/headshots/nba/players/full/3936299.png",83.7229159736101,78.2916416659621,86.2744364981514,50.000803843576,73.5720967617387,64.2075562413417,83.7881050160941
34,"Josh Giddey","CHI","SG","https://a.espncdn.com/i/headshots/nba/players/full/4871145.png",68.5523100436143,68.1251338205211,94.0695819625436,74.2868599125773,46.1689502978218,71.0597244536729,83.759537882792
35,"Chris Paul","SA","PG","https://a.espncdn.com/i/headshots/nba/players/full/2779.png",63.6504678889117,65.0014978153857,96.3428087859872,52.1877096326572,63.9739170220521,70.8199334040622,83.7252279488723
36,"Christian Braun","DEN","G","https://a.espncdn.com/i/headshots/nba/players/full/4431767.png",85.3265557187667,92.5464038523577,61.7763080467073,56.9500799141905,81.1750654936314,57.1848707322001,83.7116059484895
37,"Ivica Zubac","LAC","C","https://a.espncdn.com/i/headshots/nba/players/full/4017837.png",93.2018819845035,69.8411019180626,63.1994472095081,89.130520655741,66.2773101154622,55.7499566739791,83.4043908003862
38,"Luke Kornet","BOS","C","https://a.espncdn.com/i/headshots/nba/players/full/3064560.png",88.3376819459024,67.0728229396682,57.5206322158823,81.940327945977,80.6484544034838,72.5384456121457,82.856528338092
39,"Josh Okogie","CHA","SF","https://a.espncdn.com/i/headshots/nba/players/full/4065663.png",66.6972988514322,54.1652148168816,47.7641249006585,87.4546341679822,74.4811876222558,96.5413770106015,82.7257731852873
40,"Damian Lillard","MIL","PG","https://a.espncdn.com/i/headshots/nba/players/full/6606.png",80.6998798726604,82.8567960655211,89.1918927558297,52.2459610107434,66.9121998971282,54.214755802286,82.5542158058906
41,"Jalen Brunson","NY","PG","https://a.espncdn.com/i/headshots/nba/players/full/3934672.png",84.3363877796928,85.1169151323016,91.8202538779719,46.6781973561951,65.8861658342919,46.1361800916206,82.4147588573255
42,"Kawhi Leonard","LAC","SF","https://a.espncdn.com/i/headshots/nba/players/full/6450.png",86.8977292240702,72.4220107118785,59.458397139839,60.723675330007,82.6479033952628,78.9792286184774,82.387504523052
43,"Pascal Siakam","IND","PF","https://a.espncdn.com/i/headshots/nba/players/full/3149673.png",85.4811737032725,85.7125325964199,70.0681521102736,66.2428551430645,74.7447286402997,53.6671899701998,81.7751688439537
44,"Thomas Bryant","IND","C","https://a.espncdn.com/i/headshots/nba/players/full/3934723.png",67.9738118952155,78.2327354553605,49.1089719243207,94.5997170859655,82.3134204096774,70.3225603763432,81.5038656789096
45,"Jakob Poeltl","TOR","C","https://a.espncdn.com/i/headshots/nba/players/full/3134908.png",74.5404839631718,83.7990471799384,61.481524634943,84.1616160584665,44.784234118715,81.0715439012404,81.5022285150723
46,"Onyeka Okongwu","ATL","PF","https://a.espncdn.com/i/headshots/nba/players/full/4431680.png",75.4910676786232,84.8610158394939,60.106742097671,83.3992693365536,62.4771599850341,70.1344214864991,81.3958785988504
47,"Nikola Vucevic","CHI","C","https://a.espncdn.com/i/headshots/nba/players/full/6478.png",72.5329648289295,86.5466871817771,71.0989150279699,81.9605404677016,68.6450423353288,56.2650387784666,81.3487876600005
48,"Jaren Jackson Jr.","MEM","PF","https://a.espncdn.com/i/headshots/nba/players/full/4277961.png",86.6142387275687,82.8779018857151,56.4878412148856,62.1481512573202,44.676738837408,86.7580930022125,81.3296091445959
49,"Tre Jones","CHI","PG","https://a.espncdn.com/i/headshots/nba/players/full/4395626.png",65.9707839368667,72.4292424477034,81.8545317237449,66.371666530682,86.1911237366249,66.7169698388095,81.3203631495186
50,"Daniel Gafford","DAL","C","https://a.espncdn.com/i/headshots/nba/players/full/4278049.png",85.9801436676061,78.809445186685,52.0557541901778,84.231614947291,49.3250383165944,79.9673320312931,81.0908848512276
51,"Anthony Edwards","MIN","SG","https://a.espncdn.com/i/headshots/nba/players/full/4594268.png",86.224323591797,86.8850015610908,79.2148899656744,56.1791944661409,48.60218003789,59.2910143160108,80.9281446525357
52,"Scotty Pippen Jr.","MEM","G","https://a.espncdn.com/i/headshots/nba/players/full/4431785.png",68.2642669070041,69.3310066271747,87.9036998526871,57.1911356215758,39.1858590086408,89.3123851608971,80.9201126553304
53,"Tyler Herro","MIA","PG","https://a.espncdn.com/i/headshots/nba/players/full/4395725.png",79.2243108050062,87.9543706587774,86.0054890133307,54.2023817165689,67.3420764937938,46.6187815473539,80.4702453161417
54,"Keon Ellis","SAC","G","https://a.espncdn.com/i/headshots/nba/players/full/4702177.png",63.340384631101,87.9464248706092,53.8985292308331,50.95880349951,61.0901719131995,93.073031422201,80.3497085988129
55,"Chet Holmgren","OKC","PF","https://a.espncdn.com/i/headshots/nba/players/full/4433255.png",84.8795819543607,67.8381068414739,52.0215114003947,77.0671733182623,64.7597753734076,85.6223976140625,80.3216003728553
56,"Desmond Bane","MEM","SG","https://a.espncdn.com/i/headshots/nba/players/full/4066320.png",77.1549147709852,81.6579510374889,84.9170395584413,61.1391665778652,51.9363562907276,61.9896044055052,80.1818761735838
57,"Austin Reaves","LAL","SG","https://a.espncdn.com/i/headshots/nba/players/full/4066457.png",79.6766550418852,84.2018404759158,86.833904900235,52.8766689234921,57.6257983691535,54.3537356252363,80.0108212804445
58,"Goga Bitadze","ORL","C","https://a.espncdn.com/i/headshots/nba/players/full/4348700.png",77.392911553912,65.7120235844103,60.4436921278209,84.3903028240086,50.2081383280126,87.2865884845488,79.9491396272356
59,"Ausar Thompson","DET","F","https://a.espncdn.com/i/headshots/nba/players/full/4684742.png",72.6025613024446,56.503074361336,61.0773487069024,71.0465677860935,46.4186373397834,96.1021387440304,79.6711373001466
60,"Bam Adebayo","MIA","C","https://a.espncdn.com/i/headshots/nba/players/full/4066261.png",74.6770307424417,72.1013357013774,78.123900470102,76.5662490919641,62.0752981692616,66.5616837678536,79.5828255438941
61,"Kristaps Porzingis","BOS","C","https://a.espncdn.com/i/headshots/nba/players/full/3102531.png",86.240545156479,77.2151999658372,53.4552824767635,69.6904170050263,74.7403031019773,71.5038731630386,79.3656631830038
62,"Kevin Durant","PHX","PF","https://a.espncdn.com/i/headshots/nba/players/full/3202.png",77.0460243426294,91.5792765971659,72.1477494294481,56.3927434649178,56.7955914958672,56.8844892650392,78.7138506424047
63,"Cason Wallace","OKC","G","https://a.espncdn.com/i/headshots/nba/players/full/4683692.png",74.1190721194314,63.6120557029631,62.2340336349675,53.0627312532413,75.8591117973087,91.0467554136617,78.7129925892049
64,"Gary Payton II","GS","SG","https://a.espncdn.com/i/headshots/nba/players/full/3134903.png",69.2013274100189,82.8219547881216,55.9210633542153,64.9533893325972,60.8330437720004,86.0312450062511,78.5013489659963
65,"Walker Kessler","UTAH","C","https://a.espncdn.com/i/headshots/nba/players/full/4433136.png",61.4157725130041,81.7669865537899,51.6661141799003,91.7995765096181,55.49271734692,80.074380417504,78.3560745187109
66,"Jalen Duren","DET","C","https://a.espncdn.com/i/headshots/nba/players/full/4433621.png",80.3370751898135,79.1534081587934,66.4108066633872,90.7150772499341,36.4507092279532,67.9274397160245,78.2894849215293
67,"Jay Huff","MEM","C","https://a.espncdn.com/i/headshots/nba/players/full/4065731.png",72.9565368824617,91.2467231077748,47.7650810029024,59.8001950260871,68.0900789995203,78.6852240791305,78.255980003238
68,"Santi Aldama","MEM","PF","https://a.espncdn.com/i/headshots/nba/players/full/4593125.png",75.0241184989111,76.4522569842235,66.7574108083599,71.8489750727008,85.2913353704953,58.6783188362656,78.2448902605916
69,"Ja Morant","MEM","PG","https://a.espncdn.com/i/headshots/nba/players/full/4279888.png",83.0599797078422,65.5226451825474,91.082071864957,53.4938513149944,45.7690577370529,63.9987847835224,78.2400469404719
70,"Dereck Lively II","DAL","C","https://a.espncdn.com/i/headshots/nba/players/full/4683688.png",80.6862114497548,71.143874254939,58.0426770084738,84.8448389998327,49.8617657157417,77.6860228857894,77.8773911515549
71,"Jonathan Isaac","ORL","PF","https://a.espncdn.com/i/headshots/nba/players/full/4065654.png",66.2371937433869,46.0058644520812,46.115577914907,80.3550260456356,79.4591658671696,96.5504529617251,77.6840881808794
72,"Jalen Johnson","ATL","SF","https://a.espncdn.com/i/headshots/nba/players/full/4701230.png",72.2979134349523,63.7546262467356,70.8576440374605,74.9338578372136,64.029029325845,78.9781498325465,77.57643013999
73,"Jaylin Williams","OKC","F","https://a.espncdn.com/i/headshots/nba/players/full/4432823.png",80.2560773191576,63.1290706610407,68.8367330980348,82.0885994866156,67.3883517091236,65.8896379774938,77.3841838851295
74,"Franz Wagner","ORL","SF","https://a.espncdn.com/i/headshots/nba/players/full/4566434.png",85.050812216603,69.9484833945419,77.1360512098332,58.3229823140171,65.242795361843,61.6292731373722,77.2994202356196
75,"De'Aaron Fox","SA","PG","https://a.espncdn.com/i/headshots/nba/players/full/4066259.png",69.1936417869182,71.7383609571401,86.6571209322075,62.5909833506133,54.8046120020713,66.4368407316039,77.2573041194339
76,"Kyrie Irving","DAL","PG","https://a.espncdn.com/i/headshots/nba/players/full/6442.png",80.504500835592,77.1560465981478,72.0042906595708,54.0801443202814,75.6730996550651,62.393342148823,77.2127439149086
77,"Scottie Barnes","TOR","SF","https://a.espncdn.com/i/headshots/nba/players/full/4433134.png",65.1133200075456,56.5053342001186,86.3185895024678,69.3405697244362,56.4290626788715,79.6454705211186,77.2050844514029
78,"Caris LeVert","ATL","SG","https://a.espncdn.com/i/headshots/nba/players/full/2991043.png",75.9710961966465,70.220141941671,72.0435155703931,62.4531255443245,78.8474145168466,65.9034832190884,76.879096752776
79,"Isaiah Hartenstein","OKC","C","https://a.espncdn.com/i/headshots/nba/players/full/4222252.png",87.7295620891002,49.9971573472478,72.6150241366062,88.5888543619166,47.8053809825192,68.8793441494661,76.8771240302746
80,"Jonas Valanciunas","SAC","C","https://a.espncdn.com/i/headshots/nba/players/full/6477.png",64.468627592615,65.1434790489696,64.2041269854334,98.4531181155472,40.5312489077078,57.3770122057494,76.5694004009359
81,"Aaron Wiggins","OKC","SG","https://a.espncdn.com/i/headshots/nba/players/full/4397183.png",86.4835473431161,77.8347955720084,57.1499864019432,59.8741673932579,83.2398505473221,58.3540564655959,76.5682485381691
82,"Tyrese Maxey","PHI","PG","https://a.espncdn.com/i/headshots/nba/players/full/4431678.png",69.6068909311249,69.9947356496872,81.8186356826328,47.1928616715921,74.4891717752218,73.1884844400318,76.4542735984186
83,"Day'Ron Sharpe","BKN","C","https://a.espncdn.com/i/headshots/nba/players/full/4432194.png",77.9900520756147,54.1621370776746,58.1552679670645,89.7441519529244,43.9038597655849,87.6176691656759,76.1956108240644
84,"Rudy Gobert","MIN","C","https://a.espncdn.com/i/headshots/nba/players/full/3032976.png",84.3451255769909,73.7482949679436,53.0548474657556,84.495340518839,62.7115097511485,63.9905209367625,76.1826426455987
85,"Sandro Mamukelashvili","SA","PF","https://a.espncdn.com/i/headshots/nba/players/full/4278580.png",74.0461318967216,83.0628214804411,50.963375079893,77.4999630052298,80.3728450957382,62.360330587768,76.1034082888822
86,"Moritz Wagner","ORL","C","https://a.espncdn.com/i/headshots/nba/players/full/3150844.png",80.0804085823552,82.628190971405,51.1874793410921,74.5023363221142,53.6075316708356,74.4176451337748,76.0882968617141
87,"OG Anunoby","NY","SF","https://a.espncdn.com/i/headshots/nba/players/full/3934719.png",78.1074957976144,80.5525691751778,56.4821004573953,54.1850007467249,76.6319804955572,73.7132682850082,76.0751991062029
88,"Kevon Looney","GS","F","https://a.espncdn.com/i/headshots/nba/players/full/3155535.png",74.2469654690046,53.9708848349581,60.416612510661,91.9925464552558,56.6235094781522,77.639212934222,75.1486074355536
89,"John Konchar","MEM","SG","https://a.espncdn.com/i/headshots/nba/players/full/3134932.png",59.6703516534612,68.7004870835723,51.3017713298533,75.1809051419928,80.6480265865059,86.646701739157,75.0236555833052
90,"Zach Collins","CHI","PF","https://a.espncdn.com/i/headshots/nba/players/full/4066650.png",65.3238648508113,70.0074509965104,61.6560924086945,96.6711833659949,43.1829372548611,63.6636847826933,74.7527255156213
91,"Kyle Anderson","MIA","SF","https://a.espncdn.com/i/headshots/nba/players/full/2993874.png",63.3489392967942,50.3933824561019,69.1126623575573,83.5787802537476,80.1461011772041,77.523304935134,74.4397908102768
92,"Obi Toppin","IND","PF","https://a.espncdn.com/i/headshots/nba/players/full/4278355.png",66.5728836541449,89.6880898342339,57.7286170951703,64.0592788317682,76.9810063458491,57.1942780477974,74.3708576992192
93,"Zach Edey","MEM","C","https://a.espncdn.com/i/headshots/nba/players/full/4600663.png",78.6198162147112,78.2021823144916,48.535049737334,91.1191379203341,38.5660176981626,75.5658366313652,74.2494765030791
94,"Kris Dunn","LAC","G","https://a.espncdn.com/i/headshots/nba/players/full/2991139.png",67.0857427151605,54.3548178889182,68.9707733706433,54.7868477556934,53.54343545648,93.6717160908973,74.2030221758745
95,"Brook Lopez","MIL","C","https://a.espncdn.com/i/headshots/nba/players/full/3448.png",69.708602912462,86.722742554265,54.4763617055129,58.1359170371241,76.0756455910391,67.7113763416921,74.1859605096507
96,"Jaylen Brown","BOS","SG","https://a.espncdn.com/i/headshots/nba/players/full/3917376.png",85.8676343636619,69.9802204656558,76.1008152411215,59.3648979280763,56.6846649945953,56.8278567036217,74.1684009717579
97,"Draymond Green","GS","PF","https://a.espncdn.com/i/headshots/nba/players/full/6589.png",70.2530518232424,52.9474491423553,88.0297265101063,64.5570749514967,34.3275343268035,87.3178996047872,73.8178041630591
98,"Drew Eubanks","LAC","PF","https://a.espncdn.com/i/headshots/nba/players/full/3914285.png",59.9792415060048,81.2605825824675,51.5786462414491,95.1169050927685,58.9966263929436,59.9669870468173,73.8106174571654
99,"Myles Turner","IND","C","https://a.espncdn.com/i/headshots/nba/players/full/3133628.png",75.804473089713,81.7102163158426,51.7999052157255,65.988238024964,53.8047745650874,78.0702446438372,73.6753364204411
100,"Kel'el Ware","MIA","C","https://a.espncdn.com/i/headshots/nba/players/full/5105623.png",71.7167067779555,74.8377748476024,47.7926781313479,83.1710981830379,71.3733785253919,72.4527113383689,73.5367624626886
101,"Tyus Jones","PHX","PG","https://a.espncdn.com/i/headshots/nba/players/full/3135046.png",58.9132712939904,68.2994553503395,89.9089645591123,48.0246932360375,87.4505855296212,51.7769728244813,73.4213134969486
102,"Devin Booker","PHX","SG","https://a.espncdn.com/i/headshots/nba/players/full/3136193.png",66.6988242201306,83.7280229549209,92.0959590625651,50.7371713414934,49.3693249361469,45.2235925939107,73.3911433498656
103,"Mouhamed Gueye","ATL","F","https://a.espncdn.com/i/headshots/nba/players/full/4712863.png",66.761527829131,46.21792731284,47.1878061341327,75.1877338689711,78.0539357091478,94.5346138465164,73.0124051773756
104,"Brandin Podziemski","GS","G","https://a.espncdn.com/i/headshots/nba/players/full/4709138.png",74.4724301203406,61.5798235027411,71.3224630784543,61.9295296689658,81.5211287716771,63.8751228436299,72.8650549422161
105,"Dwight Powell","DAL","C","https://a.espncdn.com/i/headshots/nba/players/full/2531367.png",58.3046375654203,91.4669587206926,55.7723869793887,69.3031422399913,47.7522847964028,72.1077695640872,72.585512683524
106,"Mikal Bridges","NY","SF","https://a.espncdn.com/i/headshots/nba/players/full/3147657.png",76.6312759174481,83.0988389590659,72.4530706332918,47.8316756221287,78.0032899102942,49.574425247267,72.4909261192403
107,"Michael Porter Jr.","DEN","F","https://a.espncdn.com/i/headshots/nba/players/full/4278104.png",78.5505744032877,87.985613165051,57.0271629546735,65.8211354745702,77.0894004435527,44.7983342660383,72.2677607562077
108,"Kevin Porter Jr.","MIL","G","https://a.espncdn.com/i/headshots/nba/players/full/4397140.png",66.461073135199,52.177899629658,80.0780548855896,72.4286023110705,48.7808057839598,80.9687438857277,72.2413442916149
109,"Naz Reid","MIN","C","https://a.espncdn.com/i/headshots/nba/players/full/4396971.png",80.5312984420945,74.7650201139599,61.113699117722,66.2345891449607,63.2913762207859,61.332714421437,72.2031902928937
110,"DeMar DeRozan","SAC","SF","https://a.espncdn.com/i/headshots/nba/players/full/3978.png",75.5992519550685,75.5433187123857,78.0576696779912,49.9309834734735,84.5415526937826,46.2339502453658,71.9833958287269
111,"Jake LaRavia","SAC","F","https://a.espncdn.com/i/headshots/nba/players/full/4592691.png",64.1223017712689,65.5478815888907,65.3938197380441,86.6745449990571,45.735772886292,76.0106413818327,71.8426128588477
112,"Brandon Clarke","MEM","PF","https://a.espncdn.com/i/headshots/nba/players/full/3906665.png",77.9969140992853,62.7348217390631,49.7674377830216,77.9850054266536,63.1686719499922,79.288541079568,71.7486369404135
113,"Norman Powell","LAC","G","https://a.espncdn.com/i/headshots/nba/players/full/2595516.png",83.8956745408129,83.5832796332826,54.546153794453,48.2621584981042,74.3134353877825,58.5908559020645,71.6013742910628
114,"Jalen Smith","CHI","PF","https://a.espncdn.com/i/headshots/nba/players/full/4397189.png",71.4828565911916,72.4913831839016,51.5201299276467,87.1498890790853,75.6465756646186,58.1852782244406,71.589106298247
115,"Jrue Holiday","BOS","PG","https://a.espncdn.com/i/headshots/nba/players/full/3995.png",75.6170274089032,64.0578438910951,72.1978069829968,55.4645033045771,80.2798325382925,61.0710908998231,71.5562892188684
116,"Khris Middleton","WSH","SF","https://a.espncdn.com/i/headshots/nba/players/full/6609.png",70.2339497754636,64.4522139786178,74.7238347914388,62.420680982474,66.1989056454855,66.5984201819144,71.4140028842156
117,"Aaron Gordon","DEN","PF","https://a.espncdn.com/i/headshots/nba/players/full/3064290.png",81.3365043818596,85.2869090959039,65.1629421189832,60.8173124040603,77.8100979070605,40.5851888238391,71.3640205405337
118,"Justin Champagnie","WSH","SF","https://a.espncdn.com/i/headshots/nba/players/full/4432907.png",53.1095065457536,79.4716900721383,48.1213212420774,75.3805510040237,69.0772302105446,83.962332638192,71.361912599206
119,"Isaiah Joe","OKC","SG","https://a.espncdn.com/i/headshots/nba/players/full/4395702.png",84.1573471346511,77.3752419684694,55.7785365828817,52.1680362586992,88.1829436873873,50.8181112912757,71.3556062314482
120,"Mark Williams","CHA","C","https://a.espncdn.com/i/headshots/nba/players/full/4701232.png",72.0549139268815,57.6458225565499,58.1506178595621,88.845189358292,61.668689616379,70.2134276016199,71.2977892407832
121,"Chris Boucher","TOR","PF","https://a.espncdn.com/i/headshots/nba/players/full/3948153.png",73.2708096109385,78.5982601463691,45.9695620263195,74.9691542529875,84.4099261876963,61.0065435840223,71.2769799856977
122,"Mike Conley","MIN","PG","https://a.espncdn.com/i/headshots/nba/players/full/3195.png",71.9900599758687,49.5360579532803,84.2824811161034,49.4889421256501,77.4062464130072,69.9655865553816,71.100753100361
123,"Luke Kennard","MEM","SG","https://a.espncdn.com/i/headshots/nba/players/full/3913174.png",66.2532104975392,77.8879297449584,73.8296140676624,52.3938541822921,81.1164301816154,54.0748455795657,70.9808293557254
124,"Donovan Clingan","POR","C","https://a.espncdn.com/i/headshots/nba/players/full/5105565.png",69.8289093092534,60.4362109729201,50.8648206303076,91.7173323610864,37.4843055868403,85.9658459245341,70.1002782631654
125,"Donte DiVincenzo","MIN","SG","https://a.espncdn.com/i/headshots/nba/players/full/3934673.png",69.9478719413845,64.1291942035447,73.5262694766654,54.1836204081273,63.2837494633923,71.9801739863486,69.9293083817968
126,"Sam Hauser","BOS","SF","https://a.espncdn.com/i/headshots/nba/players/full/4065804.png",73.5885239058906,85.3572791168892,47.9136473556697,55.2820527235226,92.8505967016139,48.7998902807173,69.4709259323952
127,"Deni Avdija","POR","SF","https://a.espncdn.com/i/headshots/nba/players/full/4683021.png",67.1534203994227,79.5541039273413,75.4271766781802,70.1790369557627,40.308403935967,59.8049526289019,69.4219888574837
128,"Zach LaVine","SAC","SG","https://a.espncdn.com/i/headshots/nba/players/full/3064440.png",66.6165964173317,91.7978344761955,75.5381801087888,53.7051798003272,53.2293653620069,43.4339844680875,69.4020631817594
129,"Andrew Wiggins","MIA","SF","https://a.espncdn.com/i/headshots/nba/players/full/3059319.png",63.0192879535336,66.9347041090225,60.1677630370327,75.0479322325358,77.2948168742155,65.7662221475887,69.3367364790785
130,"Cameron Johnson","BKN","SF","https://a.espncdn.com/i/headshots/nba/players/full/3138196.png",63.0306487058319,84.5053606573225,66.2452589555495,54.3576478322491,74.6412061504119,54.5170968657191,69.1006079112133
131,"Dejounte Murray","NO","SG","https://a.espncdn.com/i/headshots/nba/players/full/3907497.png",55.9125884066556,40.3226903794483,85.0686728290358,61.3004284097285,60.7815642862304,88.2249846989976,69.0096097654647
132,"Fred VanVleet","HOU","PG","https://a.espncdn.com/i/headshots/nba/players/full/2991230.png",70.8183888572972,46.5677003192,82.1208936558474,49.3973680837016,78.7303618896856,71.582344677847,68.9318614079429
133,"John Collins","UTAH","PF","https://a.espncdn.com/i/headshots/nba/players/full/3908845.png",73.0212838121443,80.6964547452737,52.1025267179065,75.3633505573239,45.8778336136796,68.2697887646052,68.8186112740162
134,"Jaden McDaniels","MIN","PF","https://a.espncdn.com/i/headshots/nba/players/full/4431671.png",67.8017758778655,68.6421614611926,56.69618277202,61.5697951504597,66.0491412226932,77.5173247800635,68.7784057913558
135,"Kenrich Williams","OKC","SF","https://a.espncdn.com/i/headshots/nba/players/full/3133626.png",75.6805222830606,68.948771429971,56.1993750140544,66.8135278434179,72.7306163863135,61.8597663425459,68.279194576206
136,"Al Horford","BOS","C","https://a.espncdn.com/i/headshots/nba/players/full/3213.png",76.7198207702047,62.5171784241731,56.8172067335981,67.3038781438357,87.889335177367,54.6871492234682,68.1582348673153
137,"Derrick Jones Jr.","LAC","SF","https://a.espncdn.com/i/headshots/nba/players/full/3936099.png",71.893774860546,80.7068512309648,46.5217325736271,56.3026893298981,71.1644767154956,72.0020850141747,67.9235944761945
138,"Ryan Rollins","MIL","G","https://a.espncdn.com/i/headshots/nba/players/full/4591725.png",65.4554463510887,68.3852050238868,63.3929806480335,53.3341498132749,52.1502876941399,82.9585135937459,67.8845016375783
139,"Lonzo Ball","CHI","PG","https://a.espncdn.com/i/headshots/nba/players/full/4066421.png",61.838239267119,43.2158374748477,67.6683823563738,56.4101475221014,74.2905542838097,89.9997172100567,67.8051953805383
140,"Kelly Olynyk","NO","PF","https://a.espncdn.com/i/headshots/nba/players/full/2489663.png",61.1989382765439,69.2086488544683,67.8123703145391,89.757183777424,36.5746363424595,67.9032413268339,67.7120376820129
141,"Tobias Harris","DET","F","https://a.espncdn.com/i/headshots/nba/players/full/6440.png",70.0174108447432,68.9029023320403,57.9011195011547,60.8517038543543,79.4699357503435,63.7882163033115,67.6997619408146
142,"LaMelo Ball","CHA","PG","https://a.espncdn.com/i/headshots/nba/players/full/4432816.png",68.446981781285,58.8210815229802,89.8654017629149,56.6492289872526,43.2751573324281,59.213279118999,67.5358106799281
143,"Julius Randle","MIN","PF","https://a.espncdn.com/i/headshots/nba/players/full/3064514.png",77.3054233768335,77.9274140051235,79.9759245252837,68.2265247656179,42.3978609686641,43.4574545527674,67.5352509358773
144,"Bobby Portis","MIL","F","https://a.espncdn.com/i/headshots/nba/players/full/3064482.png",74.9063499311746,56.9292807590308,56.3130097423892,82.3901328700556,79.1166572080822,56.7969850494715,67.5026248646794
145,"Malik Monk","SAC","SG","https://a.espncdn.com/i/headshots/nba/players/full/4066262.png",69.4196169295719,65.108160496332,85.5677897515444,51.029419685942,52.316854709875,57.3142439455586,67.3123796071041
146,"Jusuf Nurkic","CHA","C","https://a.espncdn.com/i/headshots/nba/players/full/3102530.png",56.4247008126122,55.6002236739293,61.0210693257017,96.7230085583281,36.2699214737732,74.5223997760662,67.0575332096096
147,"Joel Embiid","PHI","C","https://a.espncdn.com/i/headshots/nba/players/full/3059318.png",80.7163125611616,52.6301168331989,65.6752248462131,74.8350335132506,64.4879428267806,58.1647709215297,66.822103757674
148,"Harrison Barnes","SA","SF","https://a.espncdn.com/i/headshots/nba/players/full/6578.png",62.7305176727199,88.8689614282493,54.7857899103952,55.6348307658019,92.9579522751574,40.5867554142064,66.6738728097487
149,"Quentin Grimes","PHI","SG","https://a.espncdn.com/i/headshots/nba/players/full/4397014.png",54.7097855531474,77.8002125234723,69.4151733597399,68.9048704871329,55.8631629624042,61.5608708283089,66.4488335385619
150,"Luguentz Dort","OKC","G","https://a.espncdn.com/i/headshots/nba/players/full/4397020.png",79.1203882793577,65.5697654459665,52.6808094963553,55.8915664134073,73.6523941767992,67.7755088422841,66.405909721553
151,"Isaiah Stewart","DET","C","https://a.espncdn.com/i/headshots/nba/players/full/4432810.png",63.5856880580745,72.2381999180772,57.8770027004476,77.90252075008,42.7017085710324,74.417126791432,66.4049257464811
152,"Jaxson Hayes","LAL","C","https://a.espncdn.com/i/headshots/nba/players/full/4397077.png",70.0833386443486,77.675584720193,49.1135247406378,72.4365291268019,48.321708309221,71.752667983692,66.1111188495028
153,"Sam Merrill","CLE","SG","https://a.espncdn.com/i/headshots/nba/players/full/4066757.png",69.2473621948339,74.1104160226456,55.541743297359,51.0756425106926,81.3653415136539,62.3360059788269,65.7341090194513
154,"Paul George","PHI","F","https://a.espncdn.com/i/headshots/nba/players/full/4251.png",59.1933081015449,54.6615104739073,69.4342361271159,56.8923123165838,55.6234008200302,84.9089596145062,65.6862990788254
155,"Paolo Banchero","ORL","PF","https://a.espncdn.com/i/headshots/nba/players/full/4432573.png",75.2862950622618,63.3419140380855,72.8875942517674,65.4161917054781,64.7293193708353,49.2831277090153,65.6178899617702
156,"Jared Butler","PHI","SG","https://a.espncdn.com/i/headshots/nba/players/full/4395695.png",59.7424577478619,54.490324415289,83.0511730970321,58.4464225395571,59.2429368946798,66.7204809827676,65.4602182175474
157,"Jaylen Clark","MIN","G","https://a.espncdn.com/i/headshots/nba/players/full/4432247.png",58.9148831517481,60.1424421393559,47.0317609731279,51.4603166062703,79.9200244399176,90.0120936004708,65.4092931620265
158,"Aaron Nesmith","IND","SF","https://a.espncdn.com/i/headshots/nba/players/full/4396909.png",72.1807574929813,83.5191811619359,48.2486243084208,57.3658296773855,72.6563837058359,57.2283520652,65.3691131302745
159,"Dean Wade","CLE","PF","https://a.espncdn.com/i/headshots/nba/players/full/3912848.png",65.1677627159583,70.4445039196979,51.1691025542959,63.476905649431,85.6554102167128,60.5193851012331,64.8471151346002
160,"Andrew Nembhard","IND","PG","https://a.espncdn.com/i/headshots/nba/players/full/4395712.png",65.4068298433505,55.0678056241246,83.6498230775997,50.7565456126275,56.9109301323211,65.086085591332,64.7351363264135
161,"D'Angelo Russell","BKN","PG","https://a.espncdn.com/i/headshots/nba/players/full/3136776.png",61.7838642335387,49.4596356382751,85.3952600731155,54.5882402936999,61.8257695085917,65.5547621466409,64.4595013349128
162,"Max Strus","CLE","SG","https://a.espncdn.com/i/headshots/nba/players/full/4065778.png",68.3719049919553,80.2081910376158,66.5624699527542,59.6553587200403,71.6461017619648,43.7381901793575,64.4238097831587
163,"Zeke Nnaji","DEN","PF","https://a.espncdn.com/i/headshots/nba/players/full/4431690.png",55.9687388315089,60.7833370985282,45.4438105093474,57.674936742895,76.6805271250387,89.8062811394193,64.4124833184489
164,"Coby White","CHI","PG","https://a.espncdn.com/i/headshots/nba/players/full/4395651.png",59.0982271885941,82.2960706257747,78.9424617268141,49.8165573900357,55.6414843130418,49.4582363702101,64.265178651871
165,"Miles McBride","NY","PG","https://a.espncdn.com/i/headshots/nba/players/full/4431823.png",67.9143634625413,49.1834293245558,67.3792815051055,49.9723648544268,88.1517330500162,67.9420962703691,64.1780594504037
166,"Marcus Sasser","DET","G","https://a.espncdn.com/i/headshots/nba/players/full/4432107.png",63.6652178902594,64.9487763032958,71.4667014889192,47.7307817268145,62.8600148433464,69.0092558140111,63.8822225349325
167,"Rui Hachimura","LAL","PF","https://a.espncdn.com/i/headshots/nba/players/full/4066648.png",67.9282132819751,80.9558351104081,49.2979124861092,58.0092211044617,87.2178339053715,48.8349505177625,63.7000534976088
168,"Nic Claxton","BKN","C","https://a.espncdn.com/i/headshots/nba/players/full/4278067.png",46.8776367776669,60.1742427419177,59.7144084179307,76.8319679191205,63.9604524484527,80.0667096013595,63.5471552783853
169,"Naji Marshall","DAL","SF","https://a.espncdn.com/i/headshots/nba/players/full/4278594.png",58.3365491444189,72.3489235245232,67.2834098371617,59.5503199150011,67.8775352035975,58.2631104532388,63.5419411276512
170,"Jose Alvarado","NO","PG","https://a.espncdn.com/i/headshots/nba/players/full/4277869.png",50.4418940139837,45.8277596494224,82.3893354179852,49.1382642020905,70.3411295067717,81.1672975196051,63.2097419266742
171,"Kevin Huerter","CHI","SG","https://a.espncdn.com/i/headshots/nba/players/full/4066372.png",59.872966160463,64.1940929181378,61.2154025038551,58.0759723125191,76.8599272191432,66.3055324005945,63.1873199745086
172,"Trey Murphy III","NO","SG","https://a.espncdn.com/i/headshots/nba/players/full/4397688.png",52.7131263504005,77.4287026560082,64.7762019217175,54.9294213052513,74.1903678755554,59.3409554656341,63.102236463892
173,"De'Andre Hunter","CLE","SF","https://a.espncdn.com/i/headshots/nba/players/full/4065732.png",70.4917907803051,81.0292951346094,50.968458596316,65.0933421032714,68.584967507582,50.4882481929362,63.0853577986844
174,"Jarred Vanderbilt","LAL","PF","https://a.espncdn.com/i/headshots/nba/players/full/4278077.png",61.3479769035273,48.4406200148935,50.5794616474555,83.3837270193079,46.3944366801776,88.5442609915188,63.0581560496778
175,"Guerschon Yabusele","PHI","F","https://a.espncdn.com/i/headshots/nba/players/full/4017844.png",58.0771256473829,81.6590594906492,58.2572941969333,67.3122455759241,60.4229310703394,55.1882499315338,63.0350582249622
176,"Dorian Finney-Smith","LAL","PF","https://a.espncdn.com/i/headshots/nba/players/full/2578185.png",66.3961362586881,71.850847458182,50.378433062687,72.8940794724476,72.8083433206133,56.6598002103118,62.9164488956944
177,"Trayce Jackson-Davis","GS","F","https://a.espncdn.com/i/headshots/nba/players/full/4431684.png",69.9518745847117,43.7759758562086,60.1867570111537,84.6893007109285,75.0206804366709,61.9449622470604,62.880956431621
178,"Marcus Smart","WSH","PG","https://a.espncdn.com/i/headshots/nba/players/full/2990992.png",59.8090026283104,43.5839232940593,69.3008541010767,59.5431681617171,62.434913487199,85.1547459618272,62.8096070117018
179,"Miles Bridges","CHA","SF","https://a.espncdn.com/i/headshots/nba/players/full/4066383.png",59.0790955095695,63.6604419610763,72.1631807381174,68.2986702106924,73.7978274338107,50.3229321818864,62.7741882540638
180,"Craig Porter Jr.","CLE","G","https://a.espncdn.com/i/headshots/nba/players/full/4701233.png",57.6489688945737,69.9710427701609,63.1148877263764,54.0629816098607,67.4326989308408,67.6696872671691,62.6275513244473
181,"Devin Vassell","SA","SG","https://a.espncdn.com/i/headshots/nba/players/full/4395630.png",50.9950257110592,65.2139966087932,62.914690894543,52.3229159775158,81.5984782103488,71.676246022456,62.5942909327248
182,"Jeremy Sochan","SA","F","https://a.espncdn.com/i/headshots/nba/players/full/4610139.png",62.3076781851519,68.2175688167267,59.5156622947712,75.6474454490308,52.9711960019735,62.0317506154242,62.5428579849459
183,"Jabari Walker","POR","F","https://a.espncdn.com/i/headshots/nba/players/full/4432446.png",64.7560291096281,69.2606557467457,47.5350557363474,77.4586641320534,57.0332894035953,68.8611569955863,62.3557920486639
184,"Immanuel Quickley","TOR","SG","https://a.espncdn.com/i/headshots/nba/players/full/4395724.png",68.4905030822625,55.4293304176497,81.2861724946541,52.2057090861195,80.1874278171453,45.6032451163716,62.1689251747734
185,"RJ Barrett","TOR","SG","https://a.espncdn.com/i/headshots/nba/players/full/4395625.png",61.5218286561188,66.9393662909182,82.4453683204324,62.376253071023,52.7410231641501,47.1944752684596,62.0944503625483
186,"Toumani Camara","POR","F","https://a.espncdn.com/i/headshots/nba/players/full/4431736.png",53.335577759828,69.3937979851876,58.4859251806315,62.6821439841106,54.9309240256922,76.8501947681543,62.0772370220773
187,"Jalen Green","HOU","SG","https://a.espncdn.com/i/headshots/nba/players/full/4437244.png",71.9582242440072,70.3772398769066,71.5187868323703,53.663459011387,58.3074246877923,49.2513959410053,61.8931536632599
188,"Cameron Payne","NY","PG","https://a.espncdn.com/i/headshots/nba/players/full/3064230.png",70.5122189350918,47.3267913438004,79.0265041215021,48.2259412185792,70.7672985063885,62.5144202374111,61.8180507514406
189,"Colby Jones","WSH","G","https://a.espncdn.com/i/headshots/nba/players/full/4433378.png",50.9733213873842,49.8420990353017,52.9009910300798,74.5670862883547,73.5704016806829,84.1429649997106,61.6522445450476
190,"Terance Mann","ATL","SG","https://a.espncdn.com/i/headshots/nba/players/full/3907823.png",53.0436367271273,69.0961526919392,57.7153343516753,74.9621262276041,73.9413186322721,57.1297107554463,61.2937216591998
191,"Jalen Suggs","ORL","SG","https://a.espncdn.com/i/headshots/nba/players/full/4432165.png",62.8420984517423,50.6534146052517,65.3917798471969,54.258262979064,44.4797942296157,87.2240958941855,61.2881318523849
192,"P.J. Washington","DAL","PF","https://a.espncdn.com/i/headshots/nba/players/full/4278078.png",64.0019668825093,60.912224253822,56.0948354584341,69.5771320591374,55.5045007634578,71.0754227113807,61.2749129452971
193,"Clint Capela","ATL","C","https://a.espncdn.com/i/headshots/nba/players/full/3102529.png",67.3098144972297,41.0054224336365,49.2830626009225,91.2384816419227,70.6929039379749,71.5198556345769,61.1190453110572
194,"Bradley Beal","PHX","SG","https://a.espncdn.com/i/headshots/nba/players/full/6580.png",52.7262922252891,76.821566350359,67.4442966204758,49.6481156728552,63.5573592833512,61.4423675211106,60.8082127728938
195,"Javonte Green","CLE","G","https://a.espncdn.com/i/headshots/nba/players/full/2596112.png",46.1425778468672,51.1921813618266,47.8847074256042,77.6524919889131,79.8773734094068,84.883114727447,60.513332272836
196,"Grayson Allen","PHX","SG","https://a.espncdn.com/i/headshots/nba/players/full/3135045.png",57.4495470571099,74.3597500833301,59.2697452656107,52.3251706557327,72.514545067085,60.1650944462409,60.512392820671
197,"Nicolas Batum","LAC","PF","https://a.espncdn.com/i/headshots/nba/players/full/3416.png",59.6490655677117,64.1254379184566,51.7365056025326,57.5887825603996,73.8246596239921,71.9364482042307,60.2640495412721
198,"Mason Plumlee","PHX","C","https://a.espncdn.com/i/headshots/nba/players/full/2488653.png",66.1144172479465,54.4281635427822,61.4380588816703,85.2210531081355,44.5583256590768,62.1016361764199,60.2005461054492
199,"Adem Bona","PHI","C","https://a.espncdn.com/i/headshots/nba/players/full/5105637.png",62.766639478684,73.6141154737372,44.7129472389494,77.8043398020772,33.2822093885412,85.8488188910552,60.1018491072862
200,"Davion Mitchell","MIA","PG","https://a.espncdn.com/i/headshots/nba/players/full/4278053.png",52.8669678755972,64.4645938741256,85.904959566175,52.6190314392957,44.9932083745456,58.3296067343198,60.07798437649
201,"Jordan Goodwin","LAL","G","https://a.espncdn.com/i/headshots/nba/players/full/4278402.png",56.5954364582468,48.1841225686511,51.6001347821143,66.9512818766875,66.3902258745293,86.0709597915153,59.9535342893271
202,"Moses Moody","GS","SG","https://a.espncdn.com/i/headshots/nba/players/full/4432171.png",63.802269085982,65.0599238726111,51.9657274886221,51.6946641697133,81.889210754053,64.8974281552997,59.9154948262679
203,"Nickeil Alexander-Walker","MIN","SG","https://a.espncdn.com/i/headshots/nba/players/full/4278039.png",68.2400582345293,67.1094516670389,68.1465206794739,52.8899143334085,66.5573741938657,50.0444254219325,59.8166335574964
204,"Tristan Vukcevic","WSH","PF","https://a.espncdn.com/i/headshots/nba/players/full/4997537.png",65.4350760045055,70.7357997696113,51.2376948090935,71.7426272815134,52.1546799845087,62.2544999105261,59.7746434653641
205,"Deandre Ayton","POR","C","https://a.espncdn.com/i/headshots/nba/players/full/4278129.png",63.3281809554562,58.1597564453128,49.4384211907613,84.7658365959532,65.4743136166414,60.3050240274775,59.6632863395349
206,"Buddy Hield","GS","SG","https://a.espncdn.com/i/headshots/nba/players/full/2990984.png",64.0037341743464,66.0130237676539,56.3695556910161,54.7237622855282,70.8200975794088,62.716819428056,59.6269212928356
207,"Jaime Jaquez Jr.","MIA","G","https://a.espncdn.com/i/headshots/nba/players/full/4432848.png",55.8338635354441,52.2357408516208,66.6354238038004,67.0216093629549,60.9710118292102,70.7593901330881,59.6220763737224
208,"Precious Achiuwa","NY","PF","https://a.espncdn.com/i/headshots/nba/players/full/4431679.png",58.6941099247168,47.4707424099885,48.155130557564,76.7184680330981,74.7209095920282,79.2209417067664,59.5735248133591
209,"Spencer Dinwiddie","DAL","PG","https://a.espncdn.com/i/headshots/nba/players/full/2580782.png",50.1290084010374,57.4875404530908,83.5687966928317,48.1988673397519,76.1278614531655,55.142548020036,59.5592236625574
210,"Royce O'Neale","PHX","PF","https://a.espncdn.com/i/headshots/nba/players/full/2583632.png",51.9228053272539,63.3082309731583,60.9876588074849,61.2570410450931,73.1194250250347,65.5856071315094,59.4211970977804
211,"Kentavious Caldwell-Pope","ORL","SG","https://a.espncdn.com/i/headshots/nba/players/full/2581018.png",52.6070610728041,69.3387177973696,54.5839887776033,46.1325965832547,81.4397009889706,71.9985341530886,59.4118015027359
212,"Ayo Dosunmu","CHI","SG","https://a.espncdn.com/i/headshots/nba/players/full/4397002.png",49.1730019384831,70.7489914826028,73.882927751347,50.8745169290558,71.4688046198518,55.5971697294777,59.3832964112829
213,"Neemias Queta","BOS","C","https://a.espncdn.com/i/headshots/nba/players/full/4397424.png",74.1133167274263,61.7557002680372,48.3015412153193,78.2304364554609,46.4414722681712,63.747872865295,58.9000355474721
214,"Jordan Poole","WSH","SG","https://a.espncdn.com/i/headshots/nba/players/full/4277956.png",45.2406587998285,76.8071822938988,79.7476504716878,49.0596884860691,37.7457597464293,70.6573629213939,58.7599703858004
215,"Cam Whitmore","HOU","F","https://a.espncdn.com/i/headshots/nba/players/full/5105592.png",65.3989587669333,55.0937988596278,49.4609725865678,61.466704616795,83.1317220489525,65.2223057315339,58.5679249078591
216,"Peyton Watson","DEN","F","https://a.espncdn.com/i/headshots/nba/players/full/4576087.png",54.4366117888256,60.2330796796569,51.6391367901804,54.6736188386953,74.8299652635073,77.4651731450513,58.5450588196258
217,"Keegan Murray","SAC","SF","https://a.espncdn.com/i/headshots/nba/players/full/4594327.png",58.9826157838383,67.8686890156359,50.3651882034344,64.1146901078029,83.7426492755251,54.2969572380155,58.3395099650185
218,"Jarace Walker","IND","F","https://a.espncdn.com/i/headshots/nba/players/full/5106060.png",50.8432156514709,67.738230434015,58.1488118511843,61.011016350435,47.2978469721817,77.5349244086364,58.2212867040083
219,"Dennis Schroder","DET","PG","https://a.espncdn.com/i/headshots/nba/players/full/3032979.png",55.5484862546878,53.0435329380767,88.6597102557781,51.2270913749297,53.9233652115925,52.3814371043944,58.2021567082915
220,"Keldon Johnson","SA","SF","https://a.espncdn.com/i/headshots/nba/players/full/4395723.png",55.9171003306742,70.317328594523,55.1896796309373,65.584718499336,80.4544234631535,50.5202454278041,58.182544088551
221,"Anfernee Simons","POR","SG","https://a.espncdn.com/i/headshots/nba/players/full/4351851.png",54.1563393206323,68.5701238485936,80.9683526879274,46.7481558097926,71.2181962975395,45.6936740682279,58.0666176113594
222,"Isaac Okoro","CLE","SF","https://a.espncdn.com/i/headshots/nba/players/full/4432822.png",65.2049326803004,67.5241353941629,51.26409338679,53.8907526972804,79.6147932727574,56.3071631196736,57.7668270436797
223,"Jonathan Kuminga","GS","PF","https://a.espncdn.com/i/headshots/nba/players/full/4433247.png",66.4455394825106,52.418066850252,57.4771272154216,62.89694197737,72.2769117112613,61.4813865951464,57.6593040616422
224,"Ochai Agbaji","TOR","G","https://a.espncdn.com/i/headshots/nba/players/full/4397018.png",48.3379843904685,76.878093214643,51.8118381387632,54.9960972766504,79.4863574118047,61.0133028471879,57.4908082340849
225,"Gui Santos","GS","F","https://a.espncdn.com/i/headshots/nba/players/full/4997536.png",63.5483782302352,66.0600001105098,58.1948165501656,71.6030107111558,46.0129314605856,58.0164900349173,57.1265279893974
226,"Haywood Highsmith","MIA","F","https://a.espncdn.com/i/headshots/nba/players/full/4291678.png",54.8055809677801,68.2013308312877,53.4150172911903,55.2785576153487,67.0521827860362,67.7945340297219,57.1234589986608
227,"Steven Adams","HOU","C","https://a.espncdn.com/i/headshots/nba/players/full/2991235.png",75.6137702912814,36.9914326050117,53.8779442702266,93.6079656028015,48.3563868619398,64.4544879426459,56.9762825775086
228,"Julian Champagnie","SA","F","https://a.espncdn.com/i/headshots/nba/players/full/4592479.png",54.5894607313102,67.3826250632216,52.7361204658611,58.2955337380438,78.9802804525643,59.3419565532492,56.8229378655036
229,"Kyle Filipowski","UTAH","F","https://a.espncdn.com/i/headshots/nba/players/full/4684793.png",48.5567423289678,75.7751378551561,60.0011933858256,77.9580266006008,43.2070002117269,57.2481015076258,56.6113792927051
230,"CJ McCollum","NO","SG","https://a.espncdn.com/i/headshots/nba/players/full/2490149.png",53.7602034398541,66.4363026173042,71.0824758446564,51.2055661464152,73.9483344365943,49.481799307629,56.5170400648263
231,"Nick Richards","PHX","C","https://a.espncdn.com/i/headshots/nba/players/full/4278076.png",57.5158435993003,51.9708521042677,46.8368678815964,98.1874541354336,40.2303525388715,49.8989475306631,56.4360634798859
232,"Cole Anthony","ORL","PG","https://a.espncdn.com/i/headshots/nba/players/full/4432809.png",61.5790046719979,49.9999380764045,73.6891140497657,58.6036631676213,42.4526017256014,69.8343303861816,56.3463193711705
233,"Ajay Mitchell","OKC","G","https://a.espncdn.com/i/headshots/nba/players/full/4900671.png",62.752324709752,62.3952801906849,57.5174187883806,51.5099301389177,59.8898178431965,65.4274898315389,56.1091020423314
234,"Kelly Oubre Jr.","PHI","SG","https://a.espncdn.com/i/headshots/nba/players/full/3133603.png",49.7201607149539,61.9787906334879,51.7582212216298,60.9762320902371,69.5193401084418,72.7105177549633,55.9506439179809
235,"Collin Sexton","UTAH","G","https://a.espncdn.com/i/headshots/nba/players/full/4277811.png",55.3534905823329,75.8863001467159,77.3909745132821,49.8604969477372,47.3813612769617,46.7004564707106,55.8135536194524
236,"Dalano Banton","POR","G","https://a.espncdn.com/i/headshots/nba/players/full/4397885.png",56.6860507803983,41.6662332670082,69.7953006289144,52.0579308864018,72.1678284040181,74.5234898006522,55.7371575225865
237,"Keaton Wallace","ATL","G","https://a.espncdn.com/i/headshots/nba/players/full/4279118.png",51.9624634776008,40.9323253908663,67.6742372379242,48.7765037140776,66.6556321523243,85.7403418302096,55.7336203137552
238,"Gary Trent Jr.","MIL","SG","https://a.espncdn.com/i/headshots/nba/players/full/4277843.png",59.4316754154701,64.9492680176654,49.7264090067769,47.3738426763188,88.5785475681995,58.0984518717162,55.6965920499186
239,"Quinten Post","GS","C","https://a.espncdn.com/i/headshots/nba/players/full/4593016.png",64.3856866430691,64.6593925035392,53.0510322492889,66.6696120320584,60.5148278177544,54.13854216095,55.4611563849921
240,"Kessler Edwards","DAL","F","https://a.espncdn.com/i/headshots/nba/players/full/4397693.png",49.0523451996748,65.5197287403397,50.4272627520069,61.7536771101882,73.226507296613,67.4535560620339,55.4004735696561
241,"Anthony Black","ORL","G","https://a.espncdn.com/i/headshots/nba/players/full/4712849.png",54.3742806329341,47.9498470633867,72.4412027528007,52.2773825213727,44.5337475794987,79.7265200690333,55.3303038954065
242,"Shaedon Sharpe","POR","SG","https://a.espncdn.com/i/headshots/nba/players/full/4914336.png",56.9596708752894,70.6782683540566,63.1910730985149,55.2192536614591,65.0588978221773,49.0966904083913,55.2041447513353
243,"Stephon Castle","SA","G","https://a.espncdn.com/i/headshots/nba/players/full/4845367.png",50.9022457150093,55.5068684788946,81.5470148798089,55.2411358394597,49.001418319771,58.0622612088249,55.171891886439
244,"Wendell Carter Jr.","ORL","C","https://a.espncdn.com/i/headshots/nba/players/full/4277847.png",60.3610826314554,53.5466856320708,57.0522360099278,77.7525724634579,52.9555590581586,59.8801387205156,55.0378045315575
245,"Scoot Henderson","POR","G","https://a.espncdn.com/i/headshots/nba/players/full/4683678.png",56.5768975611399,53.9263188431188,85.9190522639252,51.3091213365567,36.7899912626541,61.8552480856872,55.0229471285365
246,"Orlando Robinson","TOR","C","https://a.espncdn.com/i/headshots/nba/players/full/4593049.png",55.2784321988213,43.4733262092255,57.1986580794823,97.0679404889678,45.9682095367837,50.053693636857,54.5323168754636
247,"Andre Drummond","PHI","C","https://a.espncdn.com/i/headshots/nba/players/full/6585.png",55.6474033809191,41.1521770264979,46.8670649499867,91.8899901695471,39.1726628870568,84.8392863901071,54.2195326346175
248,"Herbert Jones","NO","SF","https://a.espncdn.com/i/headshots/nba/players/full/4277813.png",52.4825526119035,48.1584168067944,56.4816345687427,52.5650214131996,55.9050063375638,85.1959406544941,54.1202544437558
249,"Brandon Ingram","NO","SF","https://a.espncdn.com/i/headshots/nba/players/full/3913176.png",60.9777789429209,56.3738454404669,67.5810139676478,58.2630961133536,56.259137145465,54.0664869014857,54.0857081266813
250,"Jae'Sean Tate","HOU","SF","https://a.espncdn.com/i/headshots/nba/players/full/3136777.png",59.9035315992626,52.6570898587963,52.2666191619586,67.2083760777469,53.773067771237,71.2478756830997,54.0690513674029
251,"Matas Buzelis","CHI","F","https://a.espncdn.com/i/headshots/nba/players/full/4711294.png",56.5354303549885,64.77291114321,50.1552485848573,61.0639047462407,64.4464324746303,62.2538071111128,54.0099768605476
252,"Jaden Ivey","DET","PG","https://a.espncdn.com/i/headshots/nba/players/full/4433218.png",60.7198490976844,59.6972059932994,65.3522062424702,55.5970019442309,53.7947331378955,55.6240807337495,53.7636917989694
253,"Duncan Robinson","MIA","F","https://a.espncdn.com/i/headshots/nba/players/full/3157465.png",59.4872171862145,74.6578256645435,63.4919693018242,47.8427379678855,68.6936211448538,43.0651675303798,53.3626983705308
254,"Jalen Pickett","DEN","G","https://a.espncdn.com/i/headshots/nba/players/full/4398390.png",56.5729911214479,48.3094223979276,69.2293041650628,50.1199414315915,86.9142238722559,50.2925422272338,53.3382700146805
255,"Taurean Prince","MIL","PF","https://a.espncdn.com/i/headshots/nba/players/full/2990962.png",51.1151018285522,70.983927622592,57.6548078813094,52.6910280653765,63.4903064759626,57.2754068772226,53.3381964143342
256,"Blake Wesley","SA","G","https://a.espncdn.com/i/headshots/nba/players/full/4683935.png",51.9391751922151,42.0414273463908,70.7076514558253,48.3577192148803,58.5894572933645,80.5096906673805,53.2519497882681
257,"Bogdan Bogdanovic","LAC","SG","https://a.espncdn.com/i/headshots/nba/players/full/3037789.png",59.6793945241095,58.8483843820204,63.1127131165124,57.5992457790869,60.0592447355523,52.6135879562966,52.955125265607
258,"Jabari Smith Jr.","HOU","PF","https://a.espncdn.com/i/headshots/nba/players/full/4432639.png",69.7698347195719,60.5545587203869,46.8818871887995,69.8039959731488,76.8243032274642,44.4789899055288,52.8391504697607
259,"Klay Thompson","DAL","SG","https://a.espncdn.com/i/headshots/nba/players/full/6475.png",55.6766355412375,58.710689606098,57.3690047516054,52.297197318388,84.1436268054239,50.8634911863916,52.6224412290975
260,"Lauri Markkanen","UTAH","PF","https://a.espncdn.com/i/headshots/nba/players/full/4066336.png",57.2240518586666,65.2848819250057,49.0028249973384,62.6980405403601,84.5422010165233,46.1794803157077,52.5731387439653
261,"Georges Niang","ATL","SF","https://a.espncdn.com/i/headshots/nba/players/full/2990969.png",63.8722904065016,78.0085352559134,53.9286107346547,68.0022105848061,50.808329816942,40.5448314794814,52.3221526134475
262,"Olivier-Maxence Prosper","DAL","F","https://a.espncdn.com/i/headshots/nba/players/full/4595400.png",53.848952626217,36.6360101941355,50.2340537228532,68.697495641566,92.8812677412494,70.6980086141955,52.2782442788213
263,"Bennedict Mathurin","IND","SG","https://a.espncdn.com/i/headshots/nba/players/full/4683634.png",65.1343254766718,69.6923919357017,55.1412993837366,60.6157381790964,55.4092756320171,45.6089808890993,52.224674706698
264,"Malcolm Brogdon","WSH","G","https://a.espncdn.com/i/headshots/nba/players/full/2566769.png",60.6074208161659,44.3341960262893,70.7774810174474,58.0690010242681,82.9178414076268,45.6959555323657,52.1670820111861
265,"Aaron Holiday","HOU","G","https://a.espncdn.com/i/headshots/nba/players/full/3922230.png",61.4457876619778,62.8078987635052,58.3591384152792,48.7950479562277,74.1796997593237,48.7393386739357,52.0658485655811
266,"Julian Phillips","CHI","F","https://a.espncdn.com/i/headshots/nba/players/full/5105553.png",54.1449245122284,61.8187181820417,45.8331630891386,58.4405216001939,77.1638328940625,61.9293711297409,51.9840883125004
267,"Max Christie","DAL","G","https://a.espncdn.com/i/headshots/nba/players/full/4432582.png",50.0820797362866,61.0351597287975,56.6114851950353,58.2413057777172,73.6442951008695,55.6218930622598,51.9317734029863
268,"Jeremiah Robinson-Earl","NO","F","https://a.espncdn.com/i/headshots/nba/players/full/4432813.png",46.0031192237397,59.6741774985537,53.3839856684623,74.8412103255338,75.2633577679818,52.4890482391759,51.6202768919243
269,"Kyle Lowry","PHI","PG","https://a.espncdn.com/i/headshots/nba/players/full/3012.png",49.3417673092354,38.8516883731961,66.0101854820583,49.1648311324371,73.9991277449662,80.1262438930293,51.5361466625649
270,"Dalton Knecht","LAL","G","https://a.espncdn.com/i/headshots/nba/players/full/4897943.png",55.5674296574221,75.8044604067489,48.3610510534398,54.8873726643943,89.2071176889701,39.448290755511,51.3633386261504
271,"Pat Connaughton","MIL","SG","https://a.espncdn.com/i/headshots/nba/players/full/2578239.png",56.743075779388,59.5584661729906,59.3489995010053,60.218190854587,80.1998137668072,42.6904364037846,51.1606144992614
272,"Eric Gordon","PHI","SG","https://a.espncdn.com/i/headshots/nba/players/full/3431.png",51.3692591300903,55.7202194879787,54.0466168442176,44.5345798151914,87.5449030498886,60.6952988639629,51.1106679419978
273,"Cam Thomas","BKN","SG","https://a.espncdn.com/i/headshots/nba/players/full/4432174.png",67.3823930959931,59.2013378144419,61.6439998484381,49.8526583921528,78.8511355650281,40.5713750083829,51.0758235528754
274,"Jared McCain","PHI","G","https://a.espncdn.com/i/headshots/nba/players/full/4683778.png",63.5433095786567,62.8571312173524,56.3293154161637,48.7382485680372,79.6349229672384,44.1348868135313,51.0531824200828
275,"Jordan Clarkson","UTAH","G","https://a.espncdn.com/i/headshots/nba/players/full/2528426.png",54.1235043119631,49.0611121733069,68.4421348336066,52.2556621489115,69.9709279096562,55.265531111296,50.960460442965
276,"Zaccharie Risacher","ATL","PF","https://a.espncdn.com/i/headshots/nba/players/full/5211175.png",52.4738350753167,66.4897250016917,50.5521326017898,56.7188672106783,66.135865481469,56.4380767442445,50.6942106706658
277,"Jamal Cain","NO","F","https://a.espncdn.com/i/headshots/nba/players/full/4278572.png",50.2939050932369,50.4801969317412,46.1045820085605,60.5048359976348,70.0125660119842,76.304479419083,50.6382516286116
278,"Jonathan Mogbo","TOR","F","https://a.espncdn.com/i/headshots/nba/players/full/5107897.png",47.2881727833194,39.585135686603,63.9863973390884,72.9411903305496,51.3204095817608,77.3163672207645,50.6244129920792
279,"Jaylen Wells","MEM","F","https://a.espncdn.com/i/headshots/nba/players/full/5112087.png",61.6035689629521,62.812405211561,55.5136832105061,54.5612330979049,78.4960840571156,42.6167214538179,50.6081248647188
280,"Seth Curry","CHA","SG","https://a.espncdn.com/i/headshots/nba/players/full/2326307.png",50.3418357022995,70.6348044224378,49.6867218812195,50.1019917757721,87.6514043215529,46.8621778979058,50.5618991614613
281,"Ben Sheppard","IND","G","https://a.espncdn.com/i/headshots/nba/players/full/4433076.png",48.4721165174004,60.9354920685507,52.9177027333608,55.6596192239598,80.7622084219426,54.8300911743857,50.5452411584583
282,"Brandon Miller","CHA","F","https://a.espncdn.com/i/headshots/nba/players/full/4433287.png",56.2634208034446,50.7747093672122,59.5463238614557,54.7077507985009,62.0592178032507,61.1246895920279,50.3165740125728
283,"Landry Shamet","NY","PG","https://a.espncdn.com/i/headshots/nba/players/full/3914044.png",55.4516743125556,71.7911580873479,45.3518905750183,46.7214264172812,84.3016497147641,49.6497515666382,49.8965130514871
284,"Brice Sensabaugh","UTAH","F","https://a.espncdn.com/i/headshots/nba/players/full/5105839.png",48.5933086533082,74.4986170062456,55.6245614756723,55.5084556761864,52.2226371321592,53.1636423094096,49.8953746419141
285,"Dillon Brooks","HOU","SF","https://a.espncdn.com/i/headshots/nba/players/full/3155526.png",63.8677526447065,62.33724478602,53.1771820207892,51.7503569443211,69.2229270246111,46.6375723589263,49.6584590082498
286,"Pelle Larsson","MIA","G","https://a.espncdn.com/i/headshots/nba/players/full/4601025.png",53.3689738162395,51.1600956334342,53.8167001942474,52.3712661930485,68.3867012573997,65.5500798081431,49.463196068477
287,"Bruce Brown","NO","SF","https://a.espncdn.com/i/headshots/nba/players/full/4065670.png",46.0657628754781,41.1871508252323,56.2314681737166,76.6635715250714,77.3127648307204,61.654688294776,49.1266608650417
288,"Amir Coffey","LAC","F","https://a.espncdn.com/i/headshots/nba/players/full/4066387.png",52.4624240047049,73.7105369014977,48.9270414866318,48.2274120541153,84.4658502148868,43.6745837632655,49.1047236200423
289,"Caleb Martin","DAL","SF","https://a.espncdn.com/i/headshots/nba/players/full/3138160.png",46.0342144420551,43.7474037927104,54.8731942815817,73.30048426426,67.2875114127503,67.3961812570436,49.0880180231865
290,"Ziaire Williams","BKN","F","https://a.espncdn.com/i/headshots/nba/players/full/4433137.png",44.4074435466668,55.7876000971633,50.7463810448225,61.6390586590154,62.9128778632864,69.992019777062,49.0852727987943
291,"Ronald Holland II","DET","F","https://a.espncdn.com/i/headshots/nba/players/full/4683771.png",52.6018178001946,58.4092031193187,52.1024234781226,59.0644741499015,49.1348017572036,65.4030703995373,48.9021689689019
292,"Justin Edwards","PHI","F","https://a.espncdn.com/i/headshots/nba/players/full/4711297.png",44.9072924372614,59.954206671675,50.6358792809334,53.9664121862733,69.5057998997466,65.9653223067728,48.8362322674277
293,"Reed Sheppard","HOU","G","https://a.espncdn.com/i/headshots/nba/players/full/4711272.png",49.8208961650055,34.6923134222684,59.4469449469522,51.7367579365435,69.8672049298629,86.7748033191666,48.5454488356114
294,"Ryan Dunn","PHX","F","https://a.espncdn.com/i/headshots/nba/players/full/4888725.png",47.5982280459713,54.3072674025756,47.4144182016338,64.2210070289259,69.130393686439,64.7852524662915,48.5324882124137
295,"Jericho Sims","MIL","C","https://a.espncdn.com/i/headshots/nba/players/full/4277922.png",53.3482605589035,50.4596958637554,47.6999126305798,97.639527065527,33.7964544010367,48.213100980859,48.518886943465
296,"AJ Green","MIL","G","https://a.espncdn.com/i/headshots/nba/players/full/4397475.png",60.4403324541941,63.7931581273971,53.6995171117652,49.1272763626789,76.2819163247819,43.3013104271799,48.4740253614649
297,"Jamal Shead","TOR","G","https://a.espncdn.com/i/headshots/nba/players/full/4432241.png",44.0970147801563,43.3774813153778,87.6107454181639,46.924880311466,43.508207571924,62.6050954649711,48.4487235172342
298,"Trendon Watford","BKN","PF","https://a.espncdn.com/i/headshots/nba/players/full/4431675.png",56.502752473682,53.8723660619159,63.9855643090178,60.2135228031351,43.9853388991713,54.2676012195947,48.2591328594127
299,"Rob Dillingham","MIN","G","https://a.espncdn.com/i/headshots/nba/players/full/4684275.png",53.8523424143587,43.1874499508304,73.3524879066115,49.0785125256564,56.4141507978472,58.8688373091852,47.9373390931904
300,"Alex Sarr","WSH","PF","https://a.espncdn.com/i/headshots/nba/players/full/5160992.png",40.152127440388,43.413413477089,60.85851227973,71.3632958421298,60.0082517078228,71.8916171660539,47.9368206914685
301,"Caleb Houstan","ORL","G","https://a.espncdn.com/i/headshots/nba/players/full/4433623.png",48.7848677036454,64.8552811942385,46.8107589469692,48.9459079940905,87.9267964972947,49.7227416138181,47.8997424918251
302,"Garrison Mathews","ATL","G","https://a.espncdn.com/i/headshots/nba/players/full/3913180.png",52.6395367897266,55.0656541800454,51.9125181424154,49.4461308848133,72.3629982642637,59.0177797598733,47.8837293086823
303,"Dalen Terry","CHI","F","https://a.espncdn.com/i/headshots/nba/players/full/4433159.png",45.5060737833558,51.3212171256313,58.2124364527901,53.5529256873038,49.5000660403133,73.4785783327842,47.5738997356181
304,"Antonio Reeves","NO","G","https://a.espncdn.com/i/headshots/nba/players/full/4592686.png",50.2072916793586,60.0960076798136,48.9003944739166,49.1890786245167,82.0099067972697,53.0725739196206,47.4895570269419
305,"Bismack Biyombo","SA","F","https://a.espncdn.com/i/headshots/nba/players/full/6427.png",53.3396298993531,40.6623009187271,48.4408920685506,79.7391715811059,49.6012009218068,72.4404316406134,47.4419582946887
306,"Tosan Evbuomwan","BKN","F","https://a.espncdn.com/i/headshots/nba/players/full/4597865.png",53.2759388714926,44.587591971759,53.1514327115585,61.5564258215514,65.5378310793804,63.1043881285078,47.3598793651513
307,"Keyonte George","UTAH","G","https://a.espncdn.com/i/headshots/nba/players/full/4433627.png",40.9141556199735,55.3338040275392,86.4496171928439,50.9543043078606,53.8458432858451,42.952831293099,47.2417253767056
308,"Lindy Waters III","DET","F","https://a.espncdn.com/i/headshots/nba/players/full/4066317.png",50.5632697097965,40.4840301862131,50.675169063867,64.0752742052962,85.2243473318794,60.8834569556648,47.2405847640079
309,"Tim Hardaway Jr.","DET","SF","https://a.espncdn.com/i/headshots/nba/players/full/2528210.png",53.1601227741051,60.8829135265365,53.4052804679784,46.8488262873789,91.5376391944379,39.8044970036125,47.0136825864333
310,"Ja'Kobe Walter","TOR","G","https://a.espncdn.com/i/headshots/nba/players/full/4684272.png",50.8707221604621,45.0335647721255,53.3245350484305,57.2185308925018,70.8846970324858,63.2241935179354,46.9275263482132
311,"Isaiah Collier","UTAH","G","https://a.espncdn.com/i/headshots/nba/players/full/4683766.png",39.463035804453,42.3129020655128,93.2104412674682,52.2441785843181,35.0142662057846,59.2270470461568,46.9116283553605
312,"Yves Missi","NO","C","https://a.espncdn.com/i/headshots/nba/players/full/5061589.png",44.4731527238386,42.5172572372407,51.0461019733558,83.5871484434361,63.8178832186346,62.18240549603,46.8955653339521
313,"Johnny Juzang","UTAH","G","https://a.espncdn.com/i/headshots/nba/players/full/4432817.png",43.4963787426146,63.6031427684743,49.7215220057292,55.574023985863,78.0425392412744,51.9878721388757,46.6362731213089
314,"Oso Ighodaro","PHX","C","https://a.espncdn.com/i/headshots/nba/players/full/4601023.png",54.0006256298951,46.8734549373136,51.9125473330391,67.1973951041844,56.4137618436308,58.9755906446093,46.4825781593622
315,"Micah Potter","UTAH","C","https://a.espncdn.com/i/headshots/nba/players/full/4066399.png",45.7666174182737,70.3425765018374,46.5591554728956,69.8023075781828,57.7293644721237,47.4619814164919,46.0408827685665
316,"Bilal Coulibaly","WSH","SG","https://a.espncdn.com/i/headshots/nba/players/full/5104155.png",37.0923592337038,47.6969757482252,65.6407583814606,57.4494255124275,53.2981762506181,71.3739760540267,45.3080359986119
317,"Corey Kispert","WSH","SF","https://a.espncdn.com/i/headshots/nba/players/full/4280151.png",44.6850017621164,71.2209046966431,53.276894586805,50.852547395155,79.6032317758914,40.5187300042273,45.2697738277346
318,"Gabe Vincent","LAL","PG","https://a.espncdn.com/i/headshots/nba/players/full/3137259.png",48.9954909624451,54.236334202677,52.9602591687238,44.7177666199023,73.1793009902762,56.1669146380457,44.9848655291601
319,"Kris Murray","POR","F","https://a.espncdn.com/i/headshots/nba/players/full/4594326.png",48.7291603558664,40.8236606049137,51.3795421928374,62.8946303359321,75.3460596921102,60.8632919194675,44.8848704747096
320,"Terry Rozier","MIA","SG","https://a.espncdn.com/i/headshots/nba/players/full/3074752.png",48.209036606753,44.2570634773743,63.2527576099528,54.8931963230376,82.7078301646687,44.901770696067,44.821234205956
321,"Andre Jackson Jr.","MIL","G","https://a.espncdn.com/i/headshots/nba/players/full/4432190.png",48.37877283166,55.971274811135,55.1649059181565,63.8074521774236,38.1293690164923,60.9547748629427,44.642752716273
322,"Tyrese Martin","BKN","G","https://a.espncdn.com/i/headshots/nba/players/full/4397179.png",44.9495844933349,50.6335754336916,58.9477740424048,59.3277958696383,71.0213810551933,47.3695683740146,44.4440362213246
323,"Simone Fontecchio","DET","F","https://a.espncdn.com/i/headshots/nba/players/full/3899664.png",52.5219850792688,51.4440937194433,49.4221002086466,60.1427730657985,70.0062520573984,47.8805115749055,44.2523883128595
324,"Julian Strawther","DEN","G","https://a.espncdn.com/i/headshots/nba/players/full/4432181.png",48.8460013102386,59.8645021774651,51.4721579980356,48.9802260997193,62.1054446202468,51.944475641567,44.1756825811215
325,"Gary Harris","ORL","SG","https://a.espncdn.com/i/headshots/nba/players/full/2999547.png",49.4197848025679,43.3545779584385,46.2944609611739,48.6476715115215,82.3842198103658,64.7599459035053,44.0025287287554
326,"Patrick Williams","CHI","PF","https://a.espncdn.com/i/headshots/nba/players/full/4431687.png",44.1489452451968,44.8301872913057,56.8046385261271,55.8300428807923,68.3901900951573,59.2315665865663,43.9918665476324
327,"Jamison Battle","TOR","F","https://a.espncdn.com/i/headshots/nba/players/full/4431893.png",47.0371619311991,62.0559807031008,48.5543972832384,56.6446962599973,81.9356241993547,40.8335867693505,43.8576130820338
328,"Jerami Grant","POR","SF","https://a.espncdn.com/i/headshots/nba/players/full/2991070.png",46.7504807468889,42.8249046752865,53.4533372727134,49.7820943080111,77.0135782072859,60.5350985213082,43.5868007215515
329,"Gradey Dick","TOR","G","https://a.espncdn.com/i/headshots/nba/players/full/5106258.png",46.5022352484083,53.4257461558698,52.6008415702337,52.2566929113949,68.4736042156376,51.4949259639241,43.5537458831724
330,"Tristan da Silva","ORL","F","https://a.espncdn.com/i/headshots/nba/players/full/4702382.png",47.4897114567528,47.9769476991188,54.6559142545813,57.2269901174246,81.8505742500765,44.2125346090277,43.526435965775
331,"Kyshawn George","WSH","F","https://a.espncdn.com/i/headshots/nba/players/full/5174563.png",39.3633141774883,43.8678768238917,62.2278530620927,56.837602427819,46.4662754664307,72.3569400646173,43.2309592999695
332,"Svi Mykhailiuk","UTAH","SG","https://a.espncdn.com/i/headshots/nba/players/full/3133602.png",48.1076968307903,46.3354519845845,57.1345326734758,51.9617772768125,72.0514878242883,47.6062871005836,42.5277668730701
333,"Josh Green","CHA","SG","https://a.espncdn.com/i/headshots/nba/players/full/4432811.png",38.2246077655332,55.3833815635899,52.5215867127085,48.86868068932,59.3406805331373,62.83561909776,41.8285079845365
334,"Jaden Hardy","DAL","G","https://a.espncdn.com/i/headshots/nba/players/full/4868423.png",50.8720918298011,53.3780325751042,55.7590034889057,48.3268131568017,46.5405881549823,51.7672075783528,41.7904235243874
335,"Kyle Kuzma","MIL","SF","https://a.espncdn.com/i/headshots/nba/players/full/3134907.png",40.1550085300934,53.6289455719551,58.5844607958439,72.132887748377,54.7812733503219,42.4850959826745,41.558720636864
336,"Dillon Jones","OKC","G","https://a.espncdn.com/i/headshots/nba/players/full/4702159.png",51.3722205614107,36.7972524729089,56.8225591533656,67.4862826919148,58.3593675977067,50.6987048566284,40.8481265298826
337,"Jalen Wilson","BKN","F","https://a.espncdn.com/i/headshots/nba/players/full/4431714.png",42.6733259650412,52.877528361284,56.9855551648519,54.3487085090953,69.4312131746235,40.8581733082781,40.505027268618
338,"Bub Carrington","WSH","G","https://a.espncdn.com/i/headshots/nba/players/full/4845374.png",33.3324477097424,49.6747283378136,82.4620838694937,53.2865634855774,52.8601074177137,44.6518940952721,40.0590996678345
339,"Jordan Hawkins","NO","G","https://a.espncdn.com/i/headshots/nba/players/full/4683750.png",41.3838847294658,42.400874039745,49.1277091702914,51.377054979653,87.084751802224,49.103551102798,39.8886876523116
340,"KJ Simpson","CHA","G","https://a.espncdn.com/i/headshots/nba/players/full/4683834.png",40.6490546778721,33.6088569268625,64.965945869849,54.630275364421,68.6061266146945,63.8250989444158,39.5813847395973
341,"Noah Clowney","BKN","F","https://a.espncdn.com/i/headshots/nba/players/full/4712896.png",42.2426996023109,40.6073543442529,46.3191558918873,60.0650297920663,64.399014501968,50.7347557416937,37.6985423007037
342,"Jett Howard","ORL","G","https://a.espncdn.com/i/headshots/nba/players/full/5105806.png",44.0685745052501,45.6406956709193,49.666683895815,49.7680647364915,64.2273412291923,44.5895420004147,37.6783807271743
343,"AJ Johnson","WSH","G","https://a.espncdn.com/i/headshots/nba/players/full/5170947.png",42.1880395603055,37.3322185834366,60.243355092501,51.7339853869316,71.361275981411,40.9658225781195,36.7718444250431
344,"Nick Smith Jr.","CHA","G","https://a.espncdn.com/i/headshots/nba/players/full/4683686.png",38.1041637418035,43.7268666616224,62.6460644035992,47.8045692460828,72.606121742278,37.2965628017693,36.3929325196384
345,"Maxi Kleber","DAL","PF","https://a.espncdn.com/i/headshots/nba/players/full/2960236.png",43.724570247158,38.9936202706098,50.2637700955463,56.6155610645786,52.5921858903628,45.2044513723005,36.0264517332324
346,"Cody Williams","UTAH","F","https://a.espncdn.com/i/headshots/nba/players/full/4895758.png",35.0978195416869,32.6226363848643,49.5180884652823,50.3250681432346,60.6391480179513,47.0984825787102,32.6377724027072
